{"model_file":"InstanzCPLEX_HCSRP_10_2.json","optimal":true,"processing_time":0.151099200011231,"upper_bound":246.62666666666647,"lower_bound":246.62666666666647}