{"model_file":"InstanzVNS_HCSRP_100_1.json","optimal":false,"processing_time":10.460099099989748,"upper_bound":null,"lower_bound":305.9506616307707}