{"model_file":"InstanzCPLEX_HCSRP_25_7.json","optimal":false,"processing_time":10.032394200010458,"upper_bound":342.42133333333334,"lower_bound":313.68933334054014}