{"model_file":"InstanzCPLEX_HCSRP_25_8.json","optimal":false,"processing_time":10.06494810001459,"upper_bound":368.8973333329945,"lower_bound":344.63301110091436}