{"model_file":"InstanzCPLEX_HCSRP_25_2.json","optimal":false,"processing_time":10.035861300013494,"upper_bound":476.0490000000018,"lower_bound":456.61988498516047}