{"model_file":"InstanzCPLEX_HCSRP_10_5.json","optimal":true,"processing_time":0.07966899999883026,"upper_bound":189.54333333333332,"lower_bound":189.5357583402129}