{"model_file":"InstanzCPLEX_HCSRP_10_4.json","optimal":true,"processing_time":0.12953079998260364,"upper_bound":186.89666666651644,"lower_bound":186.89666666651644}