{"model_file":"InstanzCPLEX_HCSRP_25_9.json","optimal":false,"processing_time":10.206212799996138,"upper_bound":478.7793333333307,"lower_bound":280.63943552195894}