{"model_file":"InstanzCPLEX_HCSRP_10_6.json","optimal":true,"processing_time":0.06619089999003336,"upper_bound":200.0993333333333,"lower_bound":200.0993333333333}