{"model_file":"InstanzCPLEX_HCSRP_25_4.json","optimal":false,"processing_time":10.059040000021923,"upper_bound":603.8159999999325,"lower_bound":354.7759351563307}