{"model_file":"InstanzCPLEX_HCSRP_10_3.json","optimal":true,"processing_time":0.14349800001946278,"upper_bound":305.858333333266,"lower_bound":305.858333333266}