{"model_file":"InstanzCPLEX_HCSRP_10_8.json","optimal":true,"processing_time":0.04119869999703951,"upper_bound":232.04833333332672,"lower_bound":232.04833333332672}