{"model_file":"InstanzCPLEX_HCSRP_25_10.json","optimal":false,"processing_time":10.17231449999963,"upper_bound":763.5669999999989,"lower_bound":404.41765457086353}