{"model_file":"InstanzCPLEX_HCSRP_10_1.json","optimal":true,"processing_time":0.0659561000065878,"upper_bound":218.19866666666667,"lower_bound":218.19866666666667}