{"model_file":"InstanzCPLEX_HCSRP_10_10.json","optimal":true,"processing_time":0.022065199998905882,"upper_bound":225.00566666666668,"lower_bound":225.00566666666666}