{"model_file":"InstanzCPLEX_HCSRP_25_1.json","optimal":false,"processing_time":10.029250299994601,"upper_bound":459.95599999999655,"lower_bound":378.78795343578565}