{"model_file":"InstanzCPLEX_HCSRP_25_3.json","optimal":false,"processing_time":10.043673800013494,"upper_bound":399.08933333332226,"lower_bound":300.7926258690001}