{"model_file":"InstanzCPLEX_HCSRP_25_5.json","optimal":false,"processing_time":10.038018399995053,"upper_bound":479.62899999998865,"lower_bound":335.2019318891289}