{"model_file":"InstanzCPLEX_HCSRP_25_6.json","optimal":false,"processing_time":10.038749900006223,"upper_bound":671.7813333333236,"lower_bound":285.82935423310363}