{"model_file":"InstanzCPLEX_HCSRP_50_1.json","optimal":false,"processing_time":180.16922969999723,"upper_bound":1723.9453333330862,"lower_bound":471.50550953418025}{"model_file":"InstanzCPLEX_HCSRP_50_10.json","optimal":false,"processing_time":180.16235030000098,"upper_bound":647.756999999988,"lower_bound":435.6471749360151}{"model_file":"InstanzCPLEX_HCSRP_50_2.json","optimal":false,"processing_time":180.19369270000607,"upper_bound":1673.3029999999533,"lower_bound":363.6635702589171}{"model_file":"InstanzCPLEX_HCSRP_50_3.json","optimal":false,"processing_time":180.13633700006176,"upper_bound":null,"lower_bound":408.0481049490848}{"model_file":"InstanzCPLEX_HCSRP_50_4.json","optimal":false,"processing_time":180.1622059000656,"upper_bound":2000.780000000085,"lower_bound":381.90911956693003}{"model_file":"InstanzCPLEX_HCSRP_50_5.json","optimal":false,"processing_time":180.10519260005094,"upper_bound":null,"lower_bound":461.1636354844949}{"model_file":"InstanzCPLEX_HCSRP_50_6.json","optimal":false,"processing_time":180.16985159995966,"upper_bound":null,"lower_bound":366.3085933631774}{"model_file":"InstanzCPLEX_HCSRP_50_7.json","optimal":false,"processing_time":180.1328962999396,"upper_bound":1911.4066666665171,"lower_bound":392.3289016644368}{"model_file":"InstanzCPLEX_HCSRP_50_8.json","optimal":false,"processing_time":180.14035770006012,"upper_bound":null,"lower_bound":373.54882061342147}{"model_file":"InstanzCPLEX_HCSRP_50_9.json","optimal":false,"processing_time":180.15501929994207,"upper_bound":null,"lower_bound":387.91250739470286}