{"model_file":"InstanzCPLEX_HCSRP_10_1.json","optimal":true,"processing_time":0.039357899979222566,"upper_bound":218.19866666666667,"lower_bound":218.19866666666667}{"model_file":"InstanzCPLEX_HCSRP_10_10.json","optimal":true,"processing_time":0.014112000004388392,"upper_bound":225.00566666666668,"lower_bound":225.00566666666666}{"model_file":"InstanzCPLEX_HCSRP_10_2.json","optimal":true,"processing_time":0.08667469999636523,"upper_bound":246.62666666666647,"lower_bound":246.62666666666647}{"model_file":"InstanzCPLEX_HCSRP_10_3.json","optimal":true,"processing_time":0.10858600001665764,"upper_bound":305.858333333266,"lower_bound":305.858333333266}{"model_file":"InstanzCPLEX_HCSRP_10_4.json","optimal":true,"processing_time":0.09238789998926222,"upper_bound":186.89666666651644,"lower_bound":186.89666666651644}{"model_file":"InstanzCPLEX_HCSRP_10_5.json","optimal":true,"processing_time":0.05181459998129867,"upper_bound":189.54333333333332,"lower_bound":189.5357583402129}{"model_file":"InstanzCPLEX_HCSRP_10_6.json","optimal":true,"processing_time":0.04514550001476891,"upper_bound":200.0993333333333,"lower_bound":200.0993333333333}{"model_file":"InstanzCPLEX_HCSRP_10_7.json","optimal":true,"processing_time":0.02593709999928251,"upper_bound":225.369,"lower_bound":225.369}{"model_file":"InstanzCPLEX_HCSRP_10_8.json","optimal":true,"processing_time":0.04119049999280833,"upper_bound":232.04833333332672,"lower_bound":232.04833333332672}{"model_file":"InstanzCPLEX_HCSRP_10_9.json","optimal":true,"processing_time":0.12015180001617409,"upper_bound":222.295,"lower_bound":222.295}{"model_file":"InstanzCPLEX_HCSRP_25_1.json","optimal":false,"processing_time":10.02969049999956,"upper_bound":446.05966666666274,"lower_bound":389.3252414869386}{"model_file":"InstanzCPLEX_HCSRP_25_10.json","optimal":false,"processing_time":10.023636700003408,"upper_bound":763.5669999999989,"lower_bound":405.0804199157258}{"model_file":"InstanzCPLEX_HCSRP_25_2.json","optimal":true,"processing_time":9.327754800004186,"upper_bound":476.0490000000018,"lower_bound":476.04900000000174}{"model_file":"InstanzCPLEX_HCSRP_25_3.json","optimal":false,"processing_time":10.037094800005434,"upper_bound":399.08933333332226,"lower_bound":306.18566090382745}{"model_file":"InstanzCPLEX_HCSRP_25_4.json","optimal":false,"processing_time":10.021881599997869,"upper_bound":514.8456666666592,"lower_bound":365.3397179343501}{"model_file":"InstanzCPLEX_HCSRP_25_5.json","optimal":false,"processing_time":10.026307000021916,"upper_bound":392.75733333333096,"lower_bound":335.8053947605784}{"model_file":"InstanzCPLEX_HCSRP_25_6.json","optimal":false,"processing_time":10.019847399991704,"upper_bound":633.8969999999927,"lower_bound":293.5923375752784}{"model_file":"InstanzCPLEX_HCSRP_25_7.json","optimal":true,"processing_time":8.740606199979084,"upper_bound":328.67099999999994,"lower_bound":328.67099999999994}{"model_file":"InstanzCPLEX_HCSRP_25_8.json","optimal":false,"processing_time":10.02759650000371,"upper_bound":367.50599999998434,"lower_bound":351.12685337690226}{"model_file":"InstanzCPLEX_HCSRP_25_9.json","optimal":false,"processing_time":10.127501400012989,"upper_bound":443.1203333333251,"lower_bound":287.9024664397731}{"model_file":"InstanzCPLEX_HCSRP_50_1.json","optimal":false,"processing_time":10.011553999996977,"upper_bound":null,"lower_bound":393.2043267095697}{"model_file":"InstanzCPLEX_HCSRP_75_1.json","optimal":false,"processing_time":10.071281300013652,"upper_bound":null,"lower_bound":400.53218371176683}{"model_file":"InstanzVNS_HCSRP_100_1.json","optimal":false,"processing_time":10.85663259998546,"upper_bound":null,"lower_bound":311.62329020422965}{"model_file":"InstanzCPLEX_HCSRP_25_1.json","optimal":false,"processing_time":180.1116844000062,"upper_bound":428.09666666666544,"lower_bound":415.5991031717794}{"model_file":"InstanzCPLEX_HCSRP_25_10.json","optimal":false,"processing_time":180.08135009999387,"upper_bound":462.748333333332,"lower_bound":423.15684445618245}{"model_file":"InstanzCPLEX_HCSRP_25_2.json","optimal":true,"processing_time":18.803772500017658,"upper_bound":476.0490000000018,"lower_bound":476.04900000000174}{"model_file":"InstanzCPLEX_HCSRP_25_3.json","optimal":true,"processing_time":162.33707189990673,"upper_bound":399.08933333333215,"lower_bound":399.0893320422621}{"model_file":"InstanzCPLEX_HCSRP_25_4.json","optimal":true,"processing_time":59.49897680000868,"upper_bound":411.29566666666756,"lower_bound":411.29566666666034}{"model_file":"InstanzCPLEX_HCSRP_25_5.json","optimal":false,"processing_time":180.096257600002,"upper_bound":378.83700000000465,"lower_bound":348.8000637958194}{"model_file":"InstanzCPLEX_HCSRP_25_6.json","optimal":false,"processing_time":180.10519329993986,"upper_bound":440.9286666666532,"lower_bound":355.54201353060336}{"model_file":"InstanzCPLEX_HCSRP_25_7.json","optimal":true,"processing_time":11.183573800022714,"upper_bound":328.67099999999994,"lower_bound":328.67099999999994}{"model_file":"InstanzCPLEX_HCSRP_25_8.json","optimal":true,"processing_time":12.7890272999648,"upper_bound":357.68399999999843,"lower_bound":357.68399999999843}{"model_file":"InstanzCPLEX_HCSRP_25_9.json","optimal":false,"processing_time":180.3884095000103,"upper_bound":402.6706666666672,"lower_bound":306.6039323340117}